kkkkkkkkkkkkkkkk;Lundi;2020-10-02 16:57:46.000000;Vendredi;2020-10-16 16:57:46.000000;1;kkkkk;kkkkk
kkkkkkkkkkkkkkkk;Mardi;2020-10-02 16:57:46.000001;Samedi;2020-10-16 16:57:46.000001;2;kkkkk;kkkkk
kkkkkkkkkkkkkkkk;Mercredi;2020-10-02 16:57:46.000002;Dimanche;2020-10-16 16:57:46.000002;3;kkkkk;kkkkk
kkkkkkkkkkkkkkkk;Jeudi;2020-10-02 16:57:46.000003;Lundi;2020-10-16 16:57:46.000003;4;kkkkk;kkkkk
kkkkkkkkkkkkkkkk;Vendredi;2020-10-02 16:57:46.000004;Mardi;2020-10-16 16:57:46.000004;5;kkkkk;kkkkk
kkkkkkkkkkkkkkkk;Samedi;2020-10-02 16:57:46.000005;Mercredi;2020-10-16 16:57:46.000005;6;kkkkk;kkkkk
kkkkkkkkkkkkkkkk;Dimanche;2020-10-02 16:57:46.000006;Jeudi;2020-10-16 16:57:46.000006;7;kkkkk;kkkkk
kkkkkkkkkkkkkkkk;Lundi;2020-10-02 16:57:46.000007;Vendredi;2020-10-16 16:57:46.000007;8;kkkkk;kkkkk
kkkkkkkkkkkkkkkk;Mardi;2020-10-02 16:57:46.000008;Samedi;2020-10-16 16:57:46.000008;9;kkkkk;kkkkk
kkkkkkkkkkkkkkkk;Mercredi;2020-10-02 16:57:46.000009;Dimanche;2020-10-16 16:57:46.000009;10;kkkkk;kkkkk
kkkkkkkkkkkkkkkk;Jeudi;2020-10-02 16:57:46.000010;Lundi;2020-10-16 16:57:46.000010;11;kkkkk;kkkkk
kkkkkkkkkkkkkkkk;Vendredi;2020-10-02 16:57:46.000011;Mardi;2020-10-16 16:57:46.000011;12;kkkkk;kkkkk
kkkkkkkkkkkkkkkk;Samedi;2020-10-02 16:57:46.000012;Mercredi;2020-10-16 16:57:46.000012;13;kkkkk;kkkkk
kkkkkkkkkkkkkkkk;Dimanche;2020-10-02 16:57:46.000013;Jeudi;2020-10-16 16:57:46.000013;14;kkkkk;kkkkk
kkkkkkkkkkkkkkkk;Lundi;2020-10-02 16:57:46.000014;Vendredi;2020-10-16 16:57:46.000014;15;kkkkk;kkkkk
kkkkkkkkkkkkkkkk;Mardi;2020-10-02 16:57:46.000015;Samedi;2020-10-16 16:57:46.000015;16;kkkkk;kkkkk
kkkkkkkkkkkkkkkk;Mercredi;2020-10-02 16:57:46.000016;Dimanche;2020-10-16 16:57:46.000016;17;kkkkk;kkkkk
kkkkkkkkkkkkkkkk;Jeudi;2020-10-02 16:57:46.000017;Lundi;2020-10-16 16:57:46.000017;18;kkkkk;kkkkk
kkkkkkkkkkkkkkkk;Vendredi;2020-10-02 16:57:46.000018;Mardi;2020-10-16 16:57:46.000018;19;kkkkk;kkkkk
kkkkkkkkkkkkkkkk;Samedi;2020-10-02 16:57:46.000019;Mercredi;2020-10-16 16:57:46.000019;20;kkkkk;kkkkk
kkkkkkkkkkkkkkkk;Dimanche;2020-10-02 16:57:46.000020;Jeudi;2020-10-16 16:57:46.000020;21;kkkkk;kkkkk
kkkkkkkkkkkkkkkk;Lundi;2020-10-02 16:57:46.000021;Vendredi;2020-10-16 16:57:46.000021;22;kkkkk;kkkkk
kkkkkkkkkkkkkkkk;Mardi;2020-10-02 16:57:46.000022;Samedi;2020-10-16 16:57:46.000022;23;kkkkk;kkkkk
kkkkkkkkkkkkkkkk;Mercredi;2020-10-02 16:57:46.000023;Dimanche;2020-10-16 16:57:46.000023;24;kkkkk;kkkkk
kkkkkkkkkkkkkkkk;Jeudi;2020-10-02 16:57:46.000024;Lundi;2020-10-16 16:57:46.000024;25;kkkkk;kkkkk
kkkkkkkkkkkkkkkk;Vendredi;2020-10-02 16:57:46.000025;Mardi;2020-10-16 16:57:46.000025;26;kkkkk;kkkkk
kkkkkkkkkkkkkkkk;Samedi;2020-10-02 16:57:46.000026;Mercredi;2020-10-16 16:57:46.000026;27;kkkkk;kkkkk
kkkkkkkkkkkkkkkk;Dimanche;2020-10-02 16:57:46.000027;Jeudi;2020-10-16 16:57:46.000027;28;kkkkk;kkkkk
kkkkkkkkkkkkkkkk;Lundi;2020-10-02 16:57:46.000028;Vendredi;2020-10-16 16:57:46.000028;29;kkkkk;kkkkk
kkkkkkkkkkkkkkkk;Mardi;2020-10-02 16:57:46.000029;Samedi;2020-10-16 16:57:46.000029;30;kkkkk;kkkkk
kkkkkkkkkkkkkkkk;Mercredi;2020-10-02 16:57:46.000030;Dimanche;2020-10-16 16:57:46.000030;31;kkkkk;kkkkk
kkkkkkkkkkkkkkkk;Jeudi;2020-10-02 16:57:46.000031;Lundi;2020-10-16 16:57:46.000031;32;kkkkk;kkkkk
kkkkkkkkkkkkkkkk;Vendredi;2020-10-02 16:57:46.000032;Mardi;2020-10-16 16:57:46.000032;33;kkkkk;kkkkk
kkkkkkkkkkkkkkkk;Samedi;2020-10-02 16:57:46.000033;Mercredi;2020-10-16 16:57:46.000033;34;kkkkk;kkkkk
kkkkkkkkkkkkkkkk;Dimanche;2020-10-02 16:57:46.000034;Jeudi;2020-10-16 16:57:46.000034;35;kkkkk;kkkkk
kkkkkkkkkkkkkkkk;Lundi;2020-10-02 16:57:46.000035;Vendredi;2020-10-16 16:57:46.000035;36;kkkkk;kkkkk
kkkkkkkkkkkkkkkk;Mardi;2020-10-02 16:57:46.000036;Samedi;2020-10-16 16:57:46.000036;37;kkkkk;kkkkk
kkkkkkkkkkkkkkkk;Mercredi;2020-10-02 16:57:46.000037;Dimanche;2020-10-16 16:57:46.000037;38;kkkkk;kkkkk
kkkkkkkkkkkkkkkk;Jeudi;2020-10-02 16:57:46.000038;Lundi;2020-10-16 16:57:46.000038;39;kkkkk;kkkkk
kkkkkkkkkkkkkkkk;Vendredi;2020-10-02 16:57:46.000039;Mardi;2020-10-16 16:57:46.000039;40;kkkkk;kkkkk
